"""@timestamp"",ip"
"""Jul 3, 2025 @ 04:19:14.000"",""10.0.0.5"""
"""Jul 3, 2025 @ 04:27:14.000"",""172.16.0.3"""
"""Jul 3, 2025 @ 05:06:14.000"", ""203.0.113.77"""
"""Jul 3, 2025 @ 05:27:14.000"",""203.0.113.77"""
"""Jul 3, 2025 @ 05:49:14.000"",""192.168.1.101"""
"""Jul 3, 2025 @ 06:13:14.000"",""10.0.0.5"""
"""Jul 3, 2025 @ 07:22:14.000"", ""192.168.1.101"""
"""Jul 3, 2025 @ 07:36:14.000"",""10.0.0.5"""
"""Jul 3, 2025 @ 07:38:14.000"",""172.16.0.3"""
"""Jul 3, 2025 @ 07:44:14.000"",""203.0.113.77"""
"""Jul 3, 2025 @ 07:44:14.000"", ""192.168.1.101"""
"""Jul 3, 2025 @ 08:20:14.000"",""192.168.1.101"""
"""Jul 3, 2025 @ 08:21:14.000"",""172.16.0.3"""
